institution_id,canonical_name,match_keys,record_count,name_variants,possible_same_as,reviewed_not_same_as
INS-0001,Bhagvan Mahavir Polytechnic,bhagvan mahavir polytechnic,44,Bhagvan Mahavir Polytechnic | Bhagvan Mahavir polytechnic,,
INS-0002,Tulsiramji Gaikwad-Patil College of Engineering and Technology,tulsiramji gaikwad patil college of engineering and technology,30,Tulsiramji Gaikwad Patil College of Engineering & Technology | Tulsiramji Gaikwad-Patil College of Engg. & Tech | Tulsiramji Gaikwad-Patil College of Engineering and Technology,,
INS-0003,"K.B.P. Polytechnic, Kopargaon",k b p polytechnic kopargaon | k b p polytechnic kopergaon,24,"K. B. P. Polytechnic, Kopargaon | K. B.P. POLYTECHNIC KOPERGAON | K.B.P. POLYTECHNIC, KOPARGAON | K.B.P. Polytechnic Kopargaon | K.B.P. Polytechnic Kopergaon | K.B.P. Polytechnic, Kopargaon | K.B.P.Polytechnic, Kopargaon",,
INS-0004,"K. K. Wagh Polytechnic, Nashik",k k w polytechnic nasik 3 | k k wagh polytechni | k k wagh polytechnic | k k wagh polytechnic nashik | k k wagh polytechnic nashik 3 | k k wagh polytechnic nasik,19,"K. K. Wagh Polytechni | K. K. Wagh Polytechnic | K. K. Wagh Polytechnic, Nashik | K.K. Wagh Polytechnic, NASIK | K.K.W. Polytechnic, Nasik - 3 | K.K.W. Polytechnic, Nasik – 3 | K.K.Wagh Polytechnic, Nashik | K.K.Wagh Polytechnic, Nashik -3 | K.K.Wagh Polytechnic, Nasik",,
INS-0005,Deogiri Institute of Engineering and Management Studies,deogiri institute of engineering and management studies,15,Deogiri Institute of Engineering and Management Studies,,
INS-0006,"K. J. Somaiya Polytechnic, Mumbai",k j somaiya polytechnic | k j somaiya polytechnic mumbai,15,"K. J. Somaiya Polytechnic | K. J. Somaiya Polytechnic, Mumbai | K.J. SOMAIYA POLYTECHNIC | K.J.Somaiya Polytechnic, Mumbai | k.j. somaiya Polytechnic",,
INS-0007,"Priyadarshini Polytechnic, Nagpur",priyadarshani polytechnic nagpur | priyadarshini polytechnic nagpur,15,"Priyadarshani Polytechnic, Nagpur | Priyadarshini Polytechnic Nagpur | Priyadarshini Polytechnic, Nagpur | Priyadarshini polytechnic, Nagpur",,
INS-0008,"Govt. Polytechnic, Aurangabad",government polytechnic aurangabad,13,"Government Polytechnic Aurangabad | Government Polytechnic, Aurangabad | Govt. Polytechnic, Aurangabad",,
INS-0009,Jawaharlal Darda Institute of Engg and Tech. Yavatmal,jawaharlal darda institue of engineering and technology | jawaharlal darda institute of eng and technology | jawaharlal darda institute of engineering and technology | jawaharlal darda institute of engineering and technology yavatmal | jawaharlal darda instituteof engineering and technology | jawarhlal darda institute of engineering and technology yavatmal,13,"Jawaharlal Darda Inst.Of Engg & Tech | Jawaharlal Darda Institue of Engineering & Technology | Jawaharlal Darda Institute of Eng. & Tech | Jawaharlal Darda Institute of Engg and Tech. Yavatmal | Jawaharlal Darda Institute of Engg. & Tech | Jawaharlal Darda Institute of Engg. & Tech., Yavatmal | Jawaharlal Darda Institute of Engg. And Tech. Yavatmal | Jawarhlal Darda Institute of Engg and technology, Yavatmal",,
INS-0010,"Premlila Vithaldas Polytechnic, SNDT Women's University",premila vithaldas polytechnic s n d t women s university | premlila vithaldas polytechnic s n d t women s university | premlila vithaldas polytechnic sndt women s university,13,"Premila Vithaldas Polytechnic, S.N.D.T. Woman's university | Premlila Vithaldas Polytechnic S.N.D.T. Women's University | Premlila Vithaldas Polytechnic, S.N.D.T. Woman's University | Premlila Vithaldas Polytechnic, S.N.D.T. Women's University | Premlila Vithaldas Polytechnic, SNDT Woman's University | Premlila Vithaldas Polytechnic, SNDT Women's University",,
INS-0011,Vallabh Budhid Polytechnic,vallabh budhid polytechnic,13,Vallabh Budhid Polytechnic,,
INS-0012,"Govt. Polytechnic, Arvi",government polytechnic arvi | government polytechnic arvi dist wardha | government polytechnic arvi wardha,12,"Government Polytechnic, Arvi | Government Polytechnic, Arvi, Dist- Wardha | Government Polytechnic, Arvi, Dist-Wardha | Govt. Polytechnic, Arvi | Govt. Polytechnic, Arvi, Dist. Wardha | Govt. Polytechnic, Arvi, Wardha",,INS-0049
INS-0013,Thakur Polytechnic,thakur polytechnic,12,Thakur Polytechnic,,
INS-0014,"G. H. Raisoni polytechnic, Nagpur",g h raisoni polytechnic nagpur,11,"G H Raisoni Polytechnic, Nagpur | G. H. Raisoni Polytechnic, Nagpur | G. H. Raisoni polytechnic, Nagpur | G.H .Raisoni polytechnic, Nagpur | G.H. Raisoni Polytechnic, Nagpur",,
INS-0015,"Government Polytechnic, Washim",government polytechnic washim,11,"Government Polytechnic, Washim | Government polytechnic, washim | Govt. Polytechnic, Washim",,
INS-0016,"Govt. Polytechnic, Khamgaon",government polytechnic khamgaon,10,"Government Polytechnic Khamgaon | Govt. Polytechnic Khamgaon | Govt. Polytechnic, Khamgaon",,
INS-0017,Government polytechnic Mumbai,government polytechnic mumbai,10,"Government Polytechnic, Mumbai | Government polytechnic Mumbai | Govt. Polytechnic Mumbai | Govt. Polytechnic, Mumbai",,
INS-0018,"Govt. Polytechnic, Nanded",government polytechnic nandad | government polytechnic nanded,10,"Government Polytechnic, Nanded | Government polytechnic Nandad | Govt. Polytechnic, Nanded",,
INS-0019,"Government Polytechnic, Nashik",government polytechnic nashik | government polytechnic nasik,10,"Government Polytechnic Nashik | Government Polytechnic, Nashik | Government Polytechnic, Nasik | Govt. Polytechnic, Nasik | Govt. polytechnic, Nashik",,
INS-0020,"Govt. Residential Women's Polytechnic, Latur",government residential women s polytechnic latu | government residential women s polytechnic latur | government residential women s polytechnique latur,10,"Government Residential Woman's Polytechnic, Latu | Government Residential Woman's Polytechnic, Latur | Government Residential Women's Polytechnique Latur | Govt. Residental Women's Polytechnic, Latur | Govt. Residential Women's Polytechnic, Latur",,
INS-0021,"Govt. Polytechnic, Ahmednagar",government polytechnic ahmednagar,9,"Government Polytechnic, Ahmednagar | Government Polytechnic, Ahmednager | Govt. Polytechnic, Ahmednagar",,
INS-0022,"S. E. S. Polytechnic, Solapur",s e s polytechnic solapur,8,"S. E. S. Polytechnic Solapur | S. E. S. Polytechnic, Solapur | S.E.S. Polytechnic Solapur | S.E.S. Polytechnic, Solapur",,
INS-0023,Sardar Vallabhbhai Patel Polytechnic,sardar vallabhbhai patel polytechnic,8,Sardar Vallabhbhai Patel Polytechnic,,
INS-0024,"Government Polytechnic, Miraj",government polytechnic miraj,7,"Government Polytechnic Miraj | Government Polytechnic, Miraj | Govt. Polytechnic, Miraj",,
INS-0025,"Govt. Polytechnic, Osmanabad",government polytechnic osmanabad,7,"Government Polytechnic Osmanabad | Govt. Polytechnic, Osmanabad",,
INS-0026,"Amrutvahini Polytechnic, Sangamner",amrutvahini polytechnic sangamner | amrutvahini polytecnic sangamner,6,"Amrutvahini Polytechnic, Sangamner | Amrutvahini Polytechnic. Sangamner | Amrutvahini Polytecnic, Sangamner",,
INS-0027,J.D.I.E.T. Yavatmal,j d i e t yavatmal,6,J.D.I.E.T. Yavatmal,,
INS-0028,Andhra University,andhra university,5,Andhra University,,
INS-0029,"Government Polytechnic, Jalana",government polytechnic jalana | government polytechnic jalna,5,"Government Polytechnic, Jalana | Government Polytechnic, Jalna | Govt. Polytechnic Jalna",,INS-0112
INS-0030,Government polytechnic Pune,government polytechnic pune,5,"Government Polytechnic Pune | Government polytechnic Pune | Govt. Polytechnic, Pune",,
INS-0031,All India Shri Shivaji Memorial Society's Polytechnic,all india shri shivaji memorial society s polytechnic,4,All India Shri Shivaji Memorial Society's Polytechnic,,
INS-0032,"Government polytechnic, Dhule",government polytechnic dhule,4,"Government Polytechnic, Dhule | Government polytechnic, Dhule",,
INS-0033,"Government Polytechnic, Solapur",government polytechnic solapur,4,"Government Polytechnic, Solapur | Govt. Polytechnic, Solapur",,
INS-0034,"Gramin Polytechnic, Vishnupuri, Nanded",gramin polytechnic vishnupuri nanded,4,"Gramin Polytechnic Vishnupuri, Nanded | Gramin Polytechnic, Vishnupuri, Nanded",,
INS-0035,"MAEER's Sri Savitribai Phule Polytechnic, Pune",maeer s sri savitribai phule polytechnic pune,4,"MAEER's Sri Savitribai Phule Polytechnic, Pune | Maeer's Sri Savitribai Phule Polytechnic Pune",,
INS-0036,P.V.P.I.T. – Budhghon,p v p i t budhagaon | p v p i t budhgaon | p v p i t budhghon,4,P. V. P. I. T. Budhagaon | P.V.P.I.T. Budhgaon | P.V.P.I.T. – Budhghon,INS-0037 INS-0069 INS-0071,
INS-0037,Padmabhooshan Vasantraodada Patil Institute Of Technology Budhgaon Sangli,padmabhooshan vasantraodada patil institute of technology budhgaon sangli | padmabhushan vasantraodada patil institute of technology budhgaon sangli,4,"Padmabhooshan Vasantraodada Patil Institute Of Technology Budhgaon Sangli | Padmabhushan Vasantraodada Patil Institute of technology, Budhgaon, Sangli",INS-0036 INS-0069 INS-0071,
INS-0038,"Thakur Polytechnic, Mumbai",thakur polytechnic mumbai,4,"Thakur Polytechnic Mumbai | Thakur Polytechnic, Mumbai",,
INS-0039,D.Y. Patil Pratisthan's Y. B. Patil polytechnic,d y patil pratisthan s y b patil polytechnic,3,D.Y. Patil Pratisthan's Y. B. Patil polytechnic,,
INS-0040,"Government Polytechnic College, Nanded",government polytechnic college nanded,3,"Government Polytechnic College, Nanded",,
INS-0041,"P. V. P. I. T. Budhgaon, Sangali",p v p i t budhgaon sangali,3,"P. V. P. I. T. Budhgaon, Sangali | P.V.P.I.T. Budhgaon, Sangali",,
INS-0042,"S.R.G.S. I.O.T. HADAPSAR, PUNE",s r g s i o t hadapsar pune,3,"S. R. G. S I. O. T Hadapsar, Pune | S.R.G.S. I.O.T. HADAPSAR, PUNE",,
INS-0043,"Thakur Polytechnic, Thakur complex, Kandiwali (east)",thakur polytechnic thakur complex kandiwali east,3,"Thakur Polytechnic, Thakur complex, Kandiwali (east)",,
INS-0044,"Walchand college of engineering, Sangli",walchand college of engineering sangli,3,"Walchand College of Engg. Sangli | Walchand College of Engineering Sangli | Walchand college of engineering, Sangli",,
INS-0045,"Amrutvahini Polytechnic, Automobile dept., A. Nagar",amrutvahini polytechnic automobile dept a nagar,2,"Amrutvahini Polytechnic, Automobile dept., A. Nagar",,
INS-0046,"D. Y. Patil Polytechnic, Akurdi Pune",d y patil polytechnic akurdi pune,2,"D. Y. Patil Polytechnic, Akurdi Pune",,INS-0096
INS-0047,Dr.D.Y.Patil Polytechnic,dr d y patil polytechnic,2,Dr.D.Y.Patil Polytechnic,,
INS-0048,"Ekalavya Shikshan Sanstha Polytechnic, Pune",ekalavya shikshan sanstha polytechnic pune,2,"Ekalavya Shikshan Sanstha Polytechnic, Pune",,
INS-0049,"Govt. Polytechnic, Amravati",government polytechnic amravati,2,"Govt. Polytechnic, Amravati",,INS-0012
INS-0050,"Government Polytechnic, Bramhapuri, Dist-Chandrapur",government polytechnic bramhapuri dist chandrapur,2,"Government Polytechnic, Bramhapuri, Dist-Chandrapur",,
INS-0051,"Govt. Polytechnic, Himmatnagar",government polytechnic himatnagar | government polytechnic himmatnagar,2,"Govt. Polytechnic, Himatnagar | Govt. Polytechnic, Himmatnagar",,
INS-0052,"Govt. Polytechnic, Nanded Babanager",government polytechnic nanded babanager,2,"Govt. Polytechnic, Nanded Babanager",,
INS-0053,Government Polytechnic Risod Road,government polytechnic risod road,2,Government Polytechnic Risod Road,,
INS-0054,"Government Polytechnic, Yavatmal",government polytechnic yavatmal,2,"Government Polytechnic, Yavatmal",,
INS-0055,Govt. Res. Women's Polytechnic Latur,government res women s polytechnic latur,2,Govt. Res. Women's Polytechnic Latur,,
INS-0056,Govt.Residential Women's Polytechnic Latur,governmentresidential women s polytechnic latur,2,Govt.Residential Women's Polytechnic Latur,,
INS-0057,Hi-Tech Polytechnic College,hi technology polytechnic college,2,Hi-Tech Polytechnic College,,
INS-0058,"Institute of Civil and Rural Engineering, Gargoti",institute of civil and rural engineering gargoti | institution of civil and rural engineering gargoti,2,"Institute of Civil and Rural Engineering, Gargoti | Institution of civil & rural engineering Gargoti",,
INS-0059,K.B.P. Polytechnic,k b p polytechnic,2,K.B.P. Polytechnic,,
INS-0060,"K. B. P. Polytechnic, Ahmednagar",k b p polytechnic ahmednagar,2,"K. B. P. Polytechnic, Ahmednagar",,
INS-0061,"K. J. Somaiya polytechnic, Vidyanagar, Mumbai",k j somaiya polytechnic vidyanagar mumbai,2,"K. J. Somaiya polytechnic, Vidyanagar, Mumbai",,
INS-0062,"K. K. Wagh Polytechnic, Amrutdham, Panchvati, Nashik",k k wagh polytechnic amrutdham panchvati nashik,2,"K. K. Wagh Polytechnic, Amrutdham, Panchvati, Nashik",,
INS-0063,"K. K. Wagh Women's Polytechnic, Nashik",k k wagh women s polytechnic nashik,2,"K. K. Wagh Women's Polytechnic, Nashik",,
INS-0064,"M. P. M. F. Poly., Mumbai",m p m f poly mumbai,2,"M. P. M. F. Poly., Mumbai",,
INS-0065,"Mahatma Education Society, Pilla's Polytechnic",mahatma education society pilla s polytechnic,2,"Mahatma Education Society, Pilla's Polytechnic",,
INS-0066,Matushri Maniben Jethlal Shah Polytechnic Kasarvadavali Thane,matushri maniben jethlal shah polytechnic kasarvadavali thane,2,Matushri Maniben Jethlal Shah Polytechnic Kasarvadavali Thane,,
INS-0067,"New Polytechnic, Kolhapur",new polytechnic kolhapur,2,"New Polytechnic, Kolhapur",,
INS-0068,"P.Dr.V.V.P. Polytechnic, Pravaranagar",p dr v v p polytechnic pravaranagar,2,"P.Dr.V.V.P. Polytechnic, Pravaranagar",,
INS-0069,P.V.P Institute of technology Budhagaon,p v p institute of technology budhagaon | p v p institute of technology budhgaon,2,"P.V.P Institute of technology Budhagaon | P.V.P.Institute of Technology, Budhgaon",INS-0036 INS-0037 INS-0071,
INS-0070,"P. V. Polytechnic, S.N.D.T. Women's University",p v polytechnic s n d t women s university,2,"P. V. Polytechnic, S.N.D.T. Women's University",,
INS-0071,"Padambhushan Vasantrao Patil Institute of technology, Budhgaon",padambhushan vasantrao patil institute of technology budhgaon | padmabhooshan vasantrao patil instituteof technology budhgaon,2,"Padambhushan Vasantrao Patil Institute of technology, Budhgaon | Padmabhooshan Vasantrao Patil Inst.of Tech., Budhgaon",INS-0036 INS-0037 INS-0069,
INS-0072,"Dr. Panjabrao Deshmukh Polytechnic, Amravati",dr panjabrao deshmukh polytechnic amravati | panjabrao deshmukh polytechnic amaravati,2,"Dr. Panjabrao Deshmukh Polytechnic, Amravati | Panjabrao Deshmukh Polytechnic, Amaravati",,
INS-0073,Pillai Polytechnic (New Panvel),pillai polytechnic new panvel,2,Pillai Polytechnic (New Panvel),,
INS-0074,"Pimpari Chinchwad Polytechnic, Nigdi, Pune",pimpari chinchwad polytechnic nigdi pune,2,"Pimpari Chinchwad Polytechnic, Nigdi, Pune",,
INS-0075,Pimpri – Chinchwad Polytechnic,pimpri chinchwad polytechnic,2,Pimpri - Chinchwad Polytechnic | Pimpri – Chinchwad Polytechnic,,
INS-0076,"Pimpri Chinchwad Polytechnic, Pradhikaran, Nigdi",pimpri chinchwad polytechnic pradhikaran nigdi,2,"Pimpri Chinchwad Polytechnic, Pradhikaran, Nigdi",,
INS-0077,"Pimpri Chinchwad Polytechnic, Pune",pimpri chinchwad polytechnic pune,2,"Pimpri Chinchwad Polytechnic, Pune",,
INS-0078,"Premlila Vithaldas, Polytechnic S.N.D.T. Women's University, Juhu, Mumbai",premlila vithaldas polytechnic s n d t women s university juhu mumbai,2,"Premlila Vithaldas, Polytechnic S.N.D.T. Women's University, Juhu, Mumbai | Premlila Vithaldas, Polytechnic S.N.D.T. Women's University, Juhu, mumbai",,
INS-0079,Priyadarshani Polytechnic,priyadarshani polytechnic,2,Priyadarshani Polytechnic,,
INS-0080,S. N. D. T. Women's University,s n d t women s university,2,S. N. D. T. Women's University | S.N.D.T. Women's University,,
INS-0081,Sahyadri polytechnic Sawarde,sahyadri polytechnic sawarde,2,Sahyadri Polytechnic Sawarde | Sahyadri polytechnic Sawarde,,
INS-0082,"Sardar Vallabhai patel Polytechnic, Mumbai",sardar vallabhai patel polytechnic mumbai,2,"Sardar Vallabhai patel Polytechnic, Mumbai",,
INS-0083,"Sardar Vallabhbhai patel Polytechnic, Boriwali West, Mumbai",sardar vallabhbhai patel polytechnic boriwali west mumbai,2,"Sardar Vallabhbhai Patel Polytechnic, Boriwali West, Mumbai | Sardar Vallabhbhai patel Polytechnic, Boriwali West, Mumbai",,
INS-0084,"SES Polytechnic, Solapur",ses polytechnic solapur,2,"SES Polytechnic, Solapur",,
INS-0085,"Shri Bhagubhai Mafatlal Polytechnic, Mumbai",shri bhagubhai mafatlal polytechnic mumbai,2,"Shri Bhagubhai Mafatlal Polytechnic, Mumbai",INS-0086,
INS-0086,"Shri Bhavubhai Mafatlal Polytechnic, Mumbai",shri bhavubhai mafatlal polytechnic mumbai,2,"Shri Bhavubhai Mafatlal Polytechnic, Mumbai",INS-0085,
INS-0087,"Shri. H.H.J.B. Polytechnic, Chandwad",shri h h j b polytechnic chandwad,2,"Shri. H.H.J.B. Polytechnic, Chandwad",,
INS-0088,"Shri K. R. Pandav Polytechnic, Nagpur",shri k r pandav polytechnic nagpur,2,"Shri K. R. Pandav Polytechnic, Nagpur",,
INS-0089,"Shri Sant Gadge Baba College of Engg. & Technology, Z.T.C. Bhusawal",shri sant gadge baba college of engineering and technology bhusawal | shri sant gadge baba college of engineering and technology z t c bhusawal,2,"Shri Sant Gadge Baba College of Engg. & Technology, Z.T.C. Bhusawal | Shri Sant Gadge Baba College of Engineering & Technology, Bhusawal",,
INS-0090,"SMES Institute of Tech., Polytechnic, Nashik",smes institute of technology polytechnic nashik,2,"SMES Institute of Tech., Polytechnic, Nashik",,
INS-0091,"T.B.G. Polytechnic, Ambejogai - 431517",t b g polytechnic ambejogai 431517,2,"T.B.G. Polytechnic, Ambejogai - 431517",,
INS-0092,"Venutai Chavan Polytechnic, Pune",venutai chavan polytechnic pune,2,"Venutai Chavan Polytechnic, Pune",,
INS-0093,"Vidyabharti Trust Polytechnic, Umrakh, Bardoli, Surat",vidyabharti trust polytechnic umrakh bardoli surat,2,"Vidyabharti Trust Polytechnic, Umrakh, Bardoli, Surat",,
INS-0094,VPMP Polytechnic,vpmp polytechnic,2,VPMP Polytechnic,,
INS-0095,Y. B. Patil Polytechnic,y b patil polytechnic,2,Y. B. Patil Polytechnic,,
INS-0096,"Y.B. Patil Polytechnic, Akurdi, Pune - 44",y b patil polytechnic akurdi pune 44,2,"Y.B. Patil Polytechnic, Akurdi, Pune - 44",,INS-0046
INS-0097,"Y. B. Patil Polytechnic, Pradhikaran, Akurdi, Pune",y b patil polytechnic pradhikaran akurdi pune,2,"Y. B. Patil Polytechnic, Pradhikaran, Akurdi, Pune",,
INS-0098,"A.G. Patil Polytechnic Institute, Solapur",a g patil polytechnic institute solapur,1,"A.G. Patil Polytechnic Institute, Solapur",,
INS-0099,"ACHARYA POLYTECHNIC, SOLADEVANAHALLI, BANGALORE",acharya polytechnic soladevanahalli bangalore,1,"ACHARYA POLYTECHNIC, SOLADEVANAHALLI, BANGALORE",,
INS-0100,"Amrutvahini Polytechnic, Amrutnagar, Sangamner, A.Nagar",amrutvahini polytechnic amrutnagar sangamner a nagar,1,"Amrutvahini Polytechnic, Amrutnagar, Sangamner, A.Nagar",,
INS-0101,"Amrutvahini Polytechnic, SangamnerAmrutvahini Polytechnic, Sangamner",amrutvahini polytechnic sangamneramrutvahini polytechnic sangamner,1,"Amrutvahini Polytechnic, SangamnerAmrutvahini Polytechnic, Sangamner",,
INS-0102,"B. G. I. T., Mumbai",b g i t mumbai,1,"B. G. I. T., Mumbai",,
INS-0103,Babasaheb Gawde Institute of Technology,babasaheb gawde institute of technology,1,Babasaheb Gawde Institute of Technology,,
INS-0104,Bharati Vidyapeeth Institute of Technology,bharati vidyapeeth institute of technology,1,Bharati Vidyapeeth Institute of Technology,,
INS-0105,College:Karmaveer Bhaurao Patil Polytechnic Satara,college karmaveer bhaurao patil polytechnic satara,1,College:Karmaveer Bhaurao Patil Polytechnic Satara,,
INS-0106,G.h raisoni Polytechnic,g h raisoni polytechnic,1,G.h raisoni Polytechnic,,
INS-0107,Government Poly. Mumbai,government poly mumbai,1,Government Poly. Mumbai,,
INS-0108,"Government Poly., Nashik",government poly nashik,1,"Government Poly., Nashik",,
INS-0109,"Govt. Polytechnic, Bandra, Mumbai",government polytechnic bandra mumbai,1,"Govt. Polytechnic, Bandra, Mumbai",,
INS-0110,"Govt. Polytechnic, Bandra, Mumbai – 400051",government polytechnic bandra mumbai 400051,1,"Govt. Polytechnic, Bandra, Mumbai – 400051",,
INS-0111,"Government Polytechnic, Bhuj",government polytechnic bhuj,1,"Government Polytechnic, Bhuj",,
INS-0112,"Government polytechnic, Jalgaon",government polytechnic jalgaon,1,"Government polytechnic, Jalgaon",,INS-0029
INS-0113,Government Polytechnic Ushamanad,government polytechnic ushamanad,1,Government Polytechnic Ushamanad,,
INS-0114,"Governmnet Poly, Osmanabad",governmnet poly osmanabad,1,"Governmnet Poly, Osmanabad",,
INS-0115,Gramin Polytechnic,gramin polytechnic,1,Gramin Polytechnic,,
INS-0116,IIT-K,iit k,1,IIT-K,,
INS-0117,Institute For Studies In Technology & Engg.Pune,institute for studies in technology and engineeringpune,1,Institute For Studies In Technology & Engg.Pune,,
INS-0118,Institute of Institute of Civil & Rural Engeneering Gargoti Kolhapur,institute of institute of civil and rural engeneering gargoti kolhapur,1,Institute of Institute of Civil & Rural Engeneering Gargoti Kolhapur,,
INS-0119,"Institute of Technology, Viharnagar",institute of technology viharnagar,1,"Institute of Technology, Viharnagar",,
INS-0120,ISTE (INSTITUTE FOR STUDIES IN TECHNOLOGY IN ENGINEERING),iste institute for studies in technology in engineering,1,ISTE (INSTITUTE FOR STUDIES IN TECHNOLOGY IN ENGINEERING),,
INS-0121,"J.D.I.E.T. Near MIDC, Yavatmal",j d i e t near midc yavatmal,1,"J.D.I.E.T. Near MIDC, Yavatmal",,
INS-0122,"Karmaveer Kakasaheb Wagh Polytechnic Panchavati, Nashik",karmaveer kakasaheb wagh polytechnic panchavati nashik,1,"Karmaveer Kakasaheb Wagh Polytechnic Panchavati, Nashik",,
INS-0123,Karmayogi Polytechnic College,karmayogi polytechnic college,1,Karmayogi Polytechnic College,,
INS-0124,Karmayogi polytechnic college Shelve-Pandharpur,karmayogi polytechnic college shelve pandharpur,1,Karmayogi polytechnic college Shelve-Pandharpur,,
INS-0125,Latthe Polytechnic Sangli,latthe polytechnic sangli,1,Latthe Polytechnic Sangli,,
INS-0126,"M. P.M. F. P., Mumbai",m p m f p mumbai,1,"M. P.M. F. P., Mumbai",,
INS-0127,"Maeer's Mit Polytechnic, Pune",maeer s mit polytechnic pune,1,"Maeer's Mit Polytechnic, Pune",,
INS-0128,"Manohar Phalke Memorial Foundation's Poly., Mumbai",manohar phalke memorial foundation s poly mumbai,1,"Manohar Phalke Memorial Foundation's Poly., Mumbai",,
INS-0129,Manohar Phalke Memorial Foundation's Polytechnic,manohar phalke memorial foundation s polytechnic,1,Manohar Phalke Memorial Foundation's Polytechnic,,
INS-0130,"Marathwada Mitra Mandal's Polytechnic, PUNE-33",marathwada mitra mandal s polytechnic pune 33,1,"Marathwada Mitra Mandal's Polytechnic, PUNE-33",,
INS-0131,MIT Polytechnic college Aurangabad,mit polytechnic college aurangabad,1,MIT Polytechnic college Aurangabad,,
INS-0132,"Moolgi Jaitha College, Jalgaon",moolgi jaitha college jalgaon,1,"Moolgi Jaitha College, Jalgaon",,
INS-0133,"N.M.V. Polytechnic, Talegaon Dabhade, Vishnupuri",n m v polytechnic talegaon dabhade vishnupuri,1,"N.M.V. Polytechnic, Talegaon Dabhade, Vishnupuri",,
INS-0134,"N.M.V. Polytechnic, Talegaon Dabhade, Vishnupuri, Tal: Maval",n m v polytechnic talegaon dabhade vishnupuri tal maval,1,"N.M.V. Polytechnic, Talegaon Dabhade, Vishnupuri, Tal: Maval",,
INS-0135,"P.Dr.VV.Patil Inst. of Tech. & Engg. (Polytechnic), Pravaranagar",p dr vv patil institute of technology and engineering polytechnic pravaranagar,1,"P.Dr.VV.Patil Inst. of Tech. & Engg. (Polytechnic), Pravaranagar",,
INS-0136,"P. V. P. I. T., Sangali",p v p i t sangali,1,"P. V. P. I. T., Sangali",,
INS-0137,Padamshri Dr. Vitthalrao Vikhe Patil Institute of Technology and Engineering (Polytechnic),padamshri dr vitthalrao vikhe patil institute of technology and engineering polytechnic,1,Padamshri Dr. Vitthalrao Vikhe Patil Institute of Technology and Engineering (Polytechnic),,
INS-0138,"Padamshri Dr. Vitthalrao Vikhe Patil Institute of Technology and Engineering (Polytechnic), Pravaranagar, Loni - 413736",padamshri dr vitthalrao vikhe patil institute of technology and engineering polytechnic pravaranagar loni 413736,1,"Padamshri Dr. Vitthalrao Vikhe Patil Institute of Technology and Engineering (Polytechnic), Pravaranagar, Loni - 413736",,
INS-0139,Padmabhushan Vasantdada Patil Institute of Technology,padmabhushan vasantdada patil institute of technology,1,Padmabhushan Vasantdada Patil Institute of Technology,,
INS-0140,"Padmashri Dr. Vitthalrao Vikhe Patil Institute of tech., & engg., Pravarangar",padmashri dr vitthalrao vikhe patil institute of technology and engineering pravarangar,1,"Padmashri Dr. Vitthalrao Vikhe Patil Institute of tech., & engg., Pravarangar",,
INS-0141,PDEA'S SRGS TOT PUNE – 28,pdea s srgs tot pune 28,1,PDEA'S SRGS TOT PUNE – 28,,
INS-0142,Pravin Patil College Of Diploma Engg. & technology,pravin patil college of diploma engineering and technology,1,Pravin Patil College Of Diploma Engg. & technology,,
INS-0143,"Prof.S. B. Belkar, Prof B. R. Mahske",prof s b belkar prof b r mahske,1,"Prof.S. B. Belkar, Prof B. R. Mahske",,
INS-0144,"Radio electric institute, Mumbai",radio electric institute mumbai,1,"Radio electric institute, Mumbai",,
INS-0145,"Rajarambapu Institute of Technology, Sakhrale",rajarambapu institute of technology sakhrale,1,"Rajarambapu Institute of Technology, Sakhrale",,
INS-0146,"Rajendra Mane College of Eng. & Tech., Ambav, Devrukh",rajendra mane college of eng and technology ambav devrukh,1,"Rajendra Mane College of Eng. & Tech., Ambav, Devrukh",,
INS-0147,"S. R. G. S. Institute of technology, Pune",s r g s institute of technology pune,1,"S. R. G. S. Institute of technology, Pune",,
INS-0148,SANJIVANI RURAL EDUCATION SOCIETY'S K. B.P. POLYTECHNICKOPERGAON DIST. A,sanjivani rural education society s k b p polytechnickopergaon dist a,1,SANJIVANI RURAL EDUCATION SOCIETY'S K. B.P. POLYTECHNICKOPERGAON DIST. A,,
INS-0149,Semi Panwala Aruna Pate,semi panwala aruna pate,1,Semi Panwala Aruna Pate,,
INS-0150,"Seth Rajiv Govind Sable I.O.T. Hadapsar, Pune",seth rajiv govind sable i o t hadapsar pune,1,"Seth Rajiv Govind Sable I.O.T. Hadapsar, Pune",,
INS-0151,"Sharad Institute of Technology Polytechnic, Pune",sharad institute of technology polytechnic pune,1,"Sharad Institute of Technology Polytechnic, Pune",,
INS-0152,"Shree Mahavir Education Society's Institute of Technology Polytechnic, Na",shree mahavir education society s institute of technology polytechnic na,1,"Shree Mahavir Education Society's Institute of Technology Polytechnic, Na",,
INS-0153,Shri Bagubhai Mafatlal Polytechnic,shri bagubhai mafatlal polytechnic,1,Shri Bagubhai Mafatlal Polytechnic,,
INS-0154,"Shri Datta Meghe Polytechnic College, Nagpur",shri datta meghe polytechnic college nagpur,1,"Shri Datta Meghe Polytechnic College, Nagpur",,
INS-0155,T.B.G. polytechnic Ambajogai,t b g polytechnic ambajogai,1,T.B.G. polytechnic Ambajogai,,
INS-0156,"TSSMS Bscoer Poly Narhe, Pune",tssms bscoer poly narhe pune,1,"TSSMS Bscoer Poly Narhe, Pune",,
INS-0157,Vishweshwarayya Abhiyantriki Padvika Mahavidyalaya,vishweshwarayya abhiyantriki padvika mahavidyalaya,1,Vishweshwarayya Abhiyantriki Padvika Mahavidyalaya,,
INS-0158,"Yahwantrao Chavan Institute of Polytechnic, PUNE",yahwantrao chavan institute of polytechnic pune,1,"Yahwantrao Chavan Institute of Polytechnic, PUNE",,
INS-0159,"Yashwantrao Chavan Institute of Polytechnic, Bid",yashwantrao chavan institute of polytechnic bid,1,"Yashwantrao Chavan Institute of Polytechnic, Bid",,
